{
  "states": [
    {
      "name": "Andhra Pradesh",
      "code": "AP",
      "districts": [
        "Anantapur",
        "Chittoor",
        "East Godavari",
        "Guntur",
        "Krishna",
        "Kurnool",
        "Prakasam",
        "Srikakulam",
        "Visakhapatnam",
        "Vizianagaram",
        "West Godavari",
        "YSR Kadapa"
      ]
    },
    {
      "name": "Arunachal Pradesh",
      "code": "AR",
      "districts": [
        "Tawang",
        "West Kameng",
        "East Kameng",
        "Papum Pare",
        "Kurung Kumey",
        "Kra Daadi",
        "Lower Subansiri",
        "Upper Subansiri",
        "West Siang",
        "East Siang",
        "Siang",
        "Upper Siang",
        "Lower Siang",
        "Lower Dibang Valley",
        "Dibang Valley",
        "Anjaw",
        "Lohit",
        "Namsai",
        "Changlang",
        "Tirap",
        "Longding"
      ]
    },
    {
      "name": "Assam",
      "code": "AS",
      "districts": [
        "Baksa",
        "Barpeta",
        "Biswanath",
        "Bongaigaon",
        "Cachar",
        "Charaideo",
        "Chirang",
        "Darrang",
        "Dhemaji",
        "Dhubri",
        "Dibrugarh",
        "Goalpara",
        "Golaghat",
        "Hailakandi",
        "Hojai",
        "Jorhat",
        "Kamrup",
        "Kamrup Metropolitan",
        "Karbi Anglong",
        "Karimganj",
        "Kokrajhar",
        "Lakhimpur",
        "Majuli",
        "Morigaon",
        "Nagaon",
        "Nalbari",
        "Sivasagar",
        "Sonitpur",
        "South Salmara-Mankachar",
        "Tinsukia",
        "Udalguri",
        "West Karbi Anglong"
      ]
    },
    {
      "name": "Bihar",
      "code": "BR",
      "districts": [
        "Araria",
        "Arwal",
        "Aurangabad",
        "Banka",
        "Begusarai",
        "Bhagalpur",
        "Bhojpur",
        "Buxar",
        "Darbhanga",
        "East Champaran (Motihari)",
        "Gaya",
        "Gopalganj",
        "Jamui",
        "Jehanabad",
        "Kaimur (Bhabua)",
        "Katihar",
        "Khagaria",
        "Kishanganj",
        "Lakhisarai",
        "Madhepura",
        "Madhubani",
        "Munger (Monghyr)",
        "Muzaffarpur",
        "Nalanda",
        "Nawada",
        "Patna",
        "Purnia (Purnea)",
        "Rohtas",
        "Saharsa",
        "Samastipur",
        "Saran",
        "Sheikhpura",
        "Sheohar",
        "Sitamarhi",
        "Siwan",
        "Supaul",
        "Vaishali",
        "West Champaran"
      ]
    },
    {
      "name": "Chhattisgarh",
      "code": "CG",
      "districts": [
        "Balod",
        "Baloda Bazar",
        "Balrampur",
        "Bastar",
        "Bemetara",
        "Bijapur",
        "Bilaspur",
        "Dantewada (South Bastar)",
        "Dhamtari",
        "Durg",
        "Gariyaband",
        "Janjgir-Champa",
        "Jashpur",
        "Kabirdham (Kawardha)",
        "Kanker (North Bastar)",
        "Kondagaon",
        "Korba",
        "Korea (Koriya)",
        "Mahasamund",
        "Mungeli",
        "Narayanpur",
        "Raigarh",
        "Raipur",
        "Rajnandgaon",
        "Sukma",
        "Surajpur  ",
        "Surguja"
      ]
    },
    {
      "name": "Goa",
      "code": "GA",
      "districts": [
        "North Goa",
        "South Goa"
      ]
    },
    {
      "name": "Gujarat",
      "code": "GJ",
      "districts": [
        "Ahmedabad",
        "Amreli",
        "Anand",
        "Aravalli",
        "Banaskantha (Palanpur)",
        "Bharuch",
        "Bhavnagar",
        "Botad",
        "Chhota Udepur",
        "Dahod",
        "Dangs (Ahwa)",
        "Devbhoomi Dwarka",
        "Gandhinagar",
        "Gir Somnath",
        "Jamnagar",
        "Junagadh",
        "Kachchh",
        "Kheda (Nadiad)",
        "Mahisagar",
        "Mehsana",
        "Morbi",
        "Narmada (Rajpipla)",
        "Navsari",
        "Panchmahal (Godhra)",
        "Patan",
        "Porbandar",
        "Rajkot",
        "Sabarkantha (Himmatnagar)",
        "Surat",
        "Surendranagar",
        "Tapi (Vyara)",
        "Vadodara",
        "Valsad"
      ]
    },
    {
      "name": "Haryana",
      "code": "HR",
      "districts": [
        "Ambala",
        "Bhiwani",
        "Charkhi Dadri",
        "Faridabad",
        "Fatehabad",
        "Gurugram (Gurgaon)",
        "Hisar",
        "Jhajjar",
        "Jind",
        "Kaithal",
        "Karnal",
        "Kurukshetra",
        "Mahendragarh",
        "Nuh",
        "Palwal",
        "Panchkula",
        "Panipat",
        "Rewari",
        "Rohtak",
        "Sirsa",
        "Sonipat",
        "Yamunanagar"
      ]
    },
    {
      "name": "Himachal Pradesh",
      "code": "HP",
      "districts": [
        "Bilaspur",
        "Chamba",
        "Hamirpur",
        "Kangra",
        "Kinnaur",
        "Kullu",
        "Lahaul &amp; Spiti",
        "Mandi",
        "Shimla",
        "Sirmaur (Sirmour)",
        "Solan",
        "Una"
      ]
    },
    {
      "name": "Jharkhand",
      "code": "JH",
      "districts": [
        "Bokaro",
        "Chatra",
        "Deoghar",
        "Dhanbad",
        "Dumka",
        "East Singhbhum",
        "Garhwa",
        "Giridih",
        "Godda",
        "Gumla",
        "Hazaribag",
        "Jamtara",
        "Khunti",
        "Koderma",
        "Latehar",
        "Lohardaga",
        "Pakur",
        "Palamu",
        "Ramgarh",
        "Ranchi",
        "Sahibganj",
        "Seraikela-Kharsawan",
        "Simdega",
        "West Singhbhum"
      ]
    },
    {
      "name": "Karnataka",
      "code": "KA",
      "districts": [
        "Bagalkot",
        "Ballari (Bellary)",
        "Belagavi (Belgaum)",
        "Bengaluru (Bangalore) Rural",
        "Bengaluru (Bangalore) Urban",
        "Bidar",
        "Chamarajanagar",
        "Chikballapur",
        "Chikkamagaluru (Chikmagalur)",
        "Chitradurga",
        "Dakshina Kannada",
        "Davangere",
        "Dharwad",
        "Gadag",
        "Hassan",
        "Haveri",
        "Kalaburagi (Gulbarga)",
        "Kodagu",
        "Kolar",
        "Koppal",
        "Mandya",
        "Mysuru (Mysore)",
        "Raichur",
        "Ramanagara",
        "Shivamogga (Shimoga)",
        "Tumakuru (Tumkur)",
        "Udupi",
        "Uttara Kannada (Karwar)",
        "Vijayapura (Bijapur)",
        "Yadgir"
      ]
    },
    {
      "name": "Kerala",
      "code": "KL",
      "districts": [
        "Alappuzha",
        "Ernakulam",
        "Idukki",
        "Kannur",
        "Kasaragod",
        "Kollam",
        "Kottayam",
        "Kozhikode",
        "Malappuram",
        "Palakkad",
        "Pathanamthitta",
        "Thiruvananthapuram",
        "Thrissur",
        "Wayanad"
      ]
    },
    {
      "name": "Madhya Pradesh",
      "code": "MP",
      "districts": [
        "Agar Malwa",
        "Alirajpur",
        "Anuppur",
        "Ashoknagar",
        "Balaghat",
        "Barwani",
        "Betul",
        "Bhind",
        "Bhopal",
        "Burhanpur",
        "Chhatarpur",
        "Chhindwara",
        "Damoh",
        "Datia",
        "Dewas",
        "Dhar",
        "Dindori",
        "Guna",
        "Gwalior",
        "Harda",
        "Hoshangabad",
        "Indore",
        "Jabalpur",
        "Jhabua",
        "Katni",
        "Khandwa",
        "Khargone",
        "Mandla",
        "Mandsaur",
        "Morena",
        "Narsinghpur",
        "Neemuch",
        "Panna",
        "Raisen",
        "Rajgarh",
        "Ratlam",
        "Rewa",
        "Sagar",
        "Satna",
        "Sehore",
        "Seoni",
        "Shahdol",
        "Shajapur",
        "Sheopur",
        "Shivpuri",
        "Sidhi",
        "Singrauli",
        "Tikamgarh",
        "Ujjain",
        "Umaria",
        "Vidisha"
      ]
    },
    {
      "name": "Maharashtra",
      "code": "MH",
      "districts": [
        "Ahmednagar",
        "Akola",
        "Amravati",
        "Aurangabad",
        "Beed",
        "Bhandara",
        "Buldhana",
        "Chandrapur",
        "Dhule",
        "Gadchiroli",
        "Gondia",
        "Hingoli",
        "Jalgaon",
        "Jalna",
        "Kolhapur",
        "Latur",
        "Mumbai City",
        "Mumbai Suburban",
        "Nagpur",
        "Nanded",
        "Nandurbar",
        "Nashik",
        "Osmanabad",
        "Palghar",
        "Parbhani",
        "Pune",
        "Raigad",
        "Ratnagiri",
        "Sangli",
        "Satara",
        "Sindhudurg",
        "Solapur",
        "Thane",
        "Wardha",
        "Washim",
        "Yavatmal"
      ]
    },
    {
      "name": "Manipur",
      "code": "MN",
      "districts": [
        "Bishnupur",
        "Chandel",
        "Churachandpur",
        "Imphal East",
        "Imphal West",
        "Jiribam",
        "Kakching",
        "Kamjong",
        "Kangpokpi",
        "Noney",
        "Pherzawl",
        "Senapati",
        "Tamenglong",
        "Tengnoupal",
        "Thoubal",
        "Ukhrul"
      ]
    },
    {
      "name": "Meghalaya",
      "code": "ML",
      "districts": [
        "East Garo Hills",
        "East Jaintia Hills",
        "East Khasi Hills",
        "North Garo Hills",
        "Ri Bhoi",
        "South Garo Hills",
        "South West Garo Hills ",
        "South West Khasi Hills",
        "West Garo Hills",
        "West Jaintia Hills",
        "West Khasi Hills"
      ]
    },
    {
      "name": "Mizoram",
      "code": "MZ",
      "districts": [
        "Aizawl",
        "Champhai",
        "Kolasib",
        "Lawngtlai",
        "Lunglei",
        "Mamit",
        "Saiha",
        "Serchhip",
        "Saitual"
      ]
    },
    {
      "name": "Nagaland",
      "code": "NL",
      "districts": [
        "Dimapur",
        "Kiphire",
        "Kohima",
        "Longleng",
        "Mokokchung",
        "Mon",
        "Peren",
        "Phek",
        "Tuensang",
        "Wokha",
        "Zunheboto"
      ]
    },
    {
      "name": "Odisha",
      "code": "OD",
      "districts": [
        "Angul",
        "Balangir",
        "Balasore",
        "Bargarh",
        "Bhadrak",
        "Boudh",
        "Cuttack",
        "Deogarh",
        "Dhenkanal",
        "Gajapati",
        "Ganjam",
        "Jagatsinghapur",
        "Jajpur",
        "Jharsuguda",
        "Kalahandi",
        "Kandhamal",
        "Kendrapara",
        "Kendujhar (Keonjhar)",
        "Khordha",
        "Koraput",
        "Malkangiri",
        "Mayurbhanj",
        "Nabarangpur",
        "Nayagarh",
        "Nuapada",
        "Puri",
        "Rayagada",
        "Sambalpur",
        "Subarnapur (Sonepur)",
        "Sundargarh"
      ]
    },
    {
      "name": "Punjab",
      "code": "PB",
      "districts": [
        "Amritsar",
        "Barnala",
        "Bathinda",
        "Faridkot",
        "Fatehgarh Sahib",
        "Fazilka",
        "Ferozepur",
        "Gurdaspur",
        "Hoshiarpur",
        "Jalandhar",
        "Kapurthala",
        "Ludhiana",
        "Mansa",
        "Moga",
        "Muktsar",
        "Nawanshahr (Shahid Bhagat Singh Nagar)",
        "Pathankot",
        "Patiala",
        "Rupnagar",
        "Sahibzada Ajit Singh Nagar (Mohali)",
        "Sangrur",
        "Tarn Taran"
      ]
    },
    {
      "name": "Rajasthan",
      "code": "RJ",
      "districts": [
        "Ajmer",
        "Alwar",
        "Banswara",
        "Baran",
        "Barmer",
        "Bharatpur",
        "Bhilwara",
        "Bikaner",
        "Bundi",
        "Chittorgarh",
        "Churu",
        "Dausa",
        "Dholpur",
        "Dungarpur",
        "Hanumangarh",
        "Jaipur",
        "Jaisalmer",
        "Jalore",
        "Jhalawar",
        "Jhunjhunu",
        "Jodhpur",
        "Karauli",
        "Kota",
        "Nagaur",
        "Pali",
        "Pratapgarh",
        "Rajsamand",
        "Sawai Madhopur",
        "Sikar",
        "Sirohi",
        "Sri Ganganagar",
        "Tonk",
        "Udaipur"
      ]
    },
    {
      "name": "Sikkim",
      "code": "SK",
      "districts": [
        "East Sikkim",
        "North Sikkim",
        "South Sikkim",
        "West Sikkim"
      ]
    },
    {
      "name": "Tamil Nadu",
      "code": "TN",
      "districts": [
        "Ariyalur",
        "Chennai",
        "Coimbatore",
        "Cuddalore",
        "Dharmapuri",
        "Dindigul",
        "Erode",
        "Kallakurichi",
        "Kanchipuram",
        "Kanyakumari",
        "Karur",
        "Krishnagiri",
        "Madurai",
        "Mayiladuthurai",
        "Nagapattinam",
        "Namakkal",
        "Nilgiris",
        "Perambalur",
        "Pudukkottai",
        "Ramanathapuram",
        "Ranipet",
        "Salem",
        "Sivaganga",
        "Tenkasi",
        "Thanjavur",
        "Theni",
        "Thoothukudi (Tuticorin)",
        "Tiruchirappalli",
        "Tirunelveli",
        "Tirupathur",
        "Tiruppur",
        "Tiruvallur",
        "Tiruvannamalai",
        "Tiruvarur",
        "Vellore",
        "Viluppuram",
        "Virudhunagar"
      ]
    },
    {
      "name": "Telangana",
      "code": "TS",
      "districts": [
        "Adilabad",
        "Bhadradri Kothagudem",
        "Hyderabad",
        "Jagtial",
        "Jangaon",
        "Jayashankar Bhoopalpally",
        "Jogulamba Gadwal",
        "Kamareddy",
        "Karimnagar",
        "Khammam",
        "Komaram Bheem Asifabad",
        "Mahabubabad",
        "Mahabubnagar",
        "Mancherial",
        "Medak",
        "Medchal",
        "Mulugu",
        "Nagarkurnool",
        "Nalgonda",
        "Narayanpet",
        "Nirmal",
        "Nizamabad",
        "Peddapalli",
        "Rajanna Sircilla",
        "Ranga Reddy",
        "Sangareddy",
        "Siddipet",
        "Suryapet",
        "Vikarabad",
        "Wanaparthy",
        "Warangal Rural",
        "Warangal Urban",
        "Yadadri Bhuvanagiri"
      ]
    },
    {
      "name": "Tripura",
      "code": "TR",
      "districts": [
        "Dhalai",
        "Gomati",
        "Khowai",
        "North Tripura",
        "Sepahijala",
        "South Tripura",
        "Unakoti",
        "West Tripura"
      ]
    },
    {
      "name": "Uttar Pradesh",
      "code": "UP",
      "districts": [
        "Agra",
        "Aligarh",
        "Ambedkar Nagar",
        "Amethi (Chatrapati Sahuji Mahraj Nagar)",
        "Amroha (J.P. Nagar)",
        "Auraiya",
        "Ayodhya",
        "Azamgarh",
        "Badaun",
        "Baghpat",
        "Bahraich",
        "Balarampur (Sravasti)",
        "Ballia",
        "Banda",
        "Barabanki",
        "Bareilly",
        "Basti",
        "Bhadohi",
        "Bijnor",
        "Bulandshahr",
        "Chandauli",
        "Chitrakoot",
        "Deoria",
        "Etah",
        "Etawah",
        "Farrukhabad",
        "Fatehpur",
        "Firozabad",
        "Gautam Buddha Nagar",
        "Ghaziabad",
        "Ghazipur",
        "Gonda",
        "Gorakhpur",
        "Hamirpur",
        "Hapur (Panchsheel Nagar)",
        "Hardoi",
        "Hathras",
        "Jalaun",
        "Jaunpur",
        "Jhansi",
        "Kannauj",
        "Kanpur Dehat",
        "Kanpur Nagar",
        "Kasganj (Kanshiram Nagar)",
        "Kaushambi",
        "Kushinagar (Padrauna)",
        "Lakhimpur - Kheri",
        "Lalitpur",
        "Lucknow",
        "Maharajganj",
        "Mahoba",
        "Mainpuri",
        "Mathura",
        "Mau",
        "Meerut",
        "Mirzapur",
        "Moradabad",
        "Muzaffarnagar",
        "Pilibhit",
        "Pratapgarh",
        "Prayagraj",
        "RaeBareli",
        "Rampur",
        "Saharanpur",
        "Sambhal (Bhim Nagar)",
        "Sant Kabir Nagar",
        "Shahjahanpur",
        "Shamali (Prabuddh Nagar)",
        "Shravasti",
        "Siddharth Nagar",
        "Sitapur",
        "Sonbhadra",
        "Sultanpur",
        "Unnao",
        "Varanasi"
      ]
    },
    {
      "name": "Uttarakhand",
      "code": "UT",
      "districts": [
        "Almora",
        "Bageshwar",
        "Chamoli",
        "Champawat",
        "Dehradun",
        "Haridwar",
        "Nainital",
        "Pauri Garhwal",
        "Pithoragarh",
        "Rudraprayag",
        "Tehri Garhwal",
        "Udham Singh Nagar",
        "Uttarkashi"
      ]
    },
    {
      "name": "West Bengal",
      "code": "WB",
      "districts": [
        "Alipurduar",
        "Bankura",
        "Birbhum",
        "Cooch Behar",
        "Dakshin Dinajpur (South Dinajpur)",
        "Darjeeling",
        "Hooghly",
        "Howrah",
        "Jalpaiguri",
        "Jhargram",
        "Kalimpong",
        "Kolkata",
        "Malda",
        "Murshidabad",
        "Nadia",
        "North 24 Parganas",
        "Paschim Bardhaman (West Bardhaman)",
        "Paschim Medinipur (West Medinipur)",
        "Purba Bardhaman (East Bardhaman)",
        "Purba Medinipur (East Medinipur)",
        "Purulia",
        "South 24 Parganas",
        "Uttar Dinajpur (North Dinajpur)"
      ]
    }
  ]
}
